SubregionName,ElementID
Berrenda Mesa WD,27794
Berrenda Mesa WD,27795
Berrenda Mesa WD,27796
Berrenda Mesa WD,27797
Berrenda Mesa WD,27897
Berrenda Mesa WD,27898
Berrenda Mesa WD,27899
Berrenda Mesa WD,27900
Berrenda Mesa WD,27901
Berrenda Mesa WD,27902
Berrenda Mesa WD,27903
Berrenda Mesa WD,28004
Berrenda Mesa WD,28005
Berrenda Mesa WD,28006
Berrenda Mesa WD,28007
Berrenda Mesa WD,28008
Berrenda Mesa WD,28009
Berrenda Mesa WD,28010
Berrenda Mesa WD,28011
Berrenda Mesa WD,28012
Berrenda Mesa WD,28013
Berrenda Mesa WD,28014
Berrenda Mesa WD,28015
Berrenda Mesa WD,28016
Berrenda Mesa WD,28116
Berrenda Mesa WD,28117
Berrenda Mesa WD,28118
Berrenda Mesa WD,28119
Berrenda Mesa WD,28120
Berrenda Mesa WD,28121
Berrenda Mesa WD,28122
Berrenda Mesa WD,28123
Berrenda Mesa WD,28124
Berrenda Mesa WD,28125
Berrenda Mesa WD,28126
Berrenda Mesa WD,28129
Berrenda Mesa WD,28130
Berrenda Mesa WD,28227
Berrenda Mesa WD,28228
Berrenda Mesa WD,28229
Berrenda Mesa WD,28230
Berrenda Mesa WD,28231
Berrenda Mesa WD,28232
Berrenda Mesa WD,28233
Berrenda Mesa WD,28234
Berrenda Mesa WD,28235
Berrenda Mesa WD,28236
Berrenda Mesa WD,28238
Berrenda Mesa WD,28239
Berrenda Mesa WD,28240
Berrenda Mesa WD,28339
Berrenda Mesa WD,28340
Berrenda Mesa WD,28341
Berrenda Mesa WD,28342
Berrenda Mesa WD,28343
Lost Hills WD,27443
Lost Hills WD,27444
Lost Hills WD,27573
Lost Hills WD,27574
Lost Hills WD,27575
Lost Hills WD,27576
Lost Hills WD,27688
Lost Hills WD,27689
Lost Hills WD,27690
Lost Hills WD,27691
Lost Hills WD,27692
Lost Hills WD,27693
Lost Hills WD,27694
Lost Hills WD,27695
Lost Hills WD,27697
Lost Hills WD,27798
Lost Hills WD,27799
Lost Hills WD,27800
Lost Hills WD,27801
Lost Hills WD,27802
Lost Hills WD,27803
Lost Hills WD,27804
Lost Hills WD,27805
Lost Hills WD,27806
Lost Hills WD,27807
Lost Hills WD,27808
Lost Hills WD,27809
Lost Hills WD,27810
Lost Hills WD,27811
Lost Hills WD,27904
Lost Hills WD,27905
Lost Hills WD,27906
Lost Hills WD,27907
Lost Hills WD,27908
Lost Hills WD,27909
Lost Hills WD,27910
Lost Hills WD,27911
Lost Hills WD,27912
Lost Hills WD,27913
Lost Hills WD,27914
Lost Hills WD,27915
Lost Hills WD,27916
Lost Hills WD,27917
Lost Hills WD,27918
Lost Hills WD,27920
Lost Hills WD,27921
Lost Hills WD,28017
Lost Hills WD,28018
Lost Hills WD,28019
Lost Hills WD,28020
Lost Hills WD,28021
Lost Hills WD,28022
Lost Hills WD,28023
Lost Hills WD,28024
Lost Hills WD,28025
Lost Hills WD,28026
Lost Hills WD,28027
Lost Hills WD,28028
Lost Hills WD,28029
Lost Hills WD,28030
Lost Hills WD,28031
Lost Hills WD,28032
Lost Hills WD,28033
Lost Hills WD,28034
Lost Hills WD,28035
Lost Hills WD,28134
Lost Hills WD,28135
Lost Hills WD,28136
Lost Hills WD,28137
Lost Hills WD,28138
Lost Hills WD,28139
Lost Hills WD,28140
Lost Hills WD,28141
Lost Hills WD,28142
Lost Hills WD,28143
Lost Hills WD,28144
Lost Hills WD,28145
Lost Hills WD,28146
Lost Hills WD,28147
Lost Hills WD,28148
Lost Hills WD,28149
Lost Hills WD,28150
Lost Hills WD,28241
Lost Hills WD,28242
Lost Hills WD,28244
Lost Hills WD,28245
Lost Hills WD,28246
Lost Hills WD,28247
Lost Hills WD,28248
Lost Hills WD,28249
Lost Hills WD,28250
Lost Hills WD,28251
Lost Hills WD,28252
Lost Hills WD,28253
Lost Hills WD,28254
Lost Hills WD,28255
Lost Hills WD,28256
Lost Hills WD,28257
Lost Hills WD,28258
Lost Hills WD,28259
Lost Hills WD,28260
Lost Hills WD,28261
Lost Hills WD,28355
Lost Hills WD,28357
Lost Hills WD,28358
Lost Hills WD,28359
Lost Hills WD,28360
Lost Hills WD,28361
Lost Hills WD,28362
Lost Hills WD,28363
Lost Hills WD,28364
Lost Hills WD,28365
Lost Hills WD,28366
Lost Hills WD,28367
Lost Hills WD,28368
Lost Hills WD,28369
Lost Hills WD,28370
Lost Hills WD,28372
Lost Hills WD,28373
Lost Hills WD,28462
Lost Hills WD,28463
Lost Hills WD,28464
Lost Hills WD,28465
Lost Hills WD,28466
Lost Hills WD,28467
Lost Hills WD,28468
Lost Hills WD,28469
Lost Hills WD,28470
Lost Hills WD,28570
Lost Hills WD,28571
Lost Hills WD,28572
Lost Hills WD,28573
Lost Hills WD,28574
Lost Hills WD,28575
Lost Hills WD,28679
Lost Hills WD,28680
Semitropic WSD,28152
Semitropic WSD,28154
Semitropic WSD,28262
Semitropic WSD,28263
Semitropic WSD,28264
Semitropic WSD,28265
Semitropic WSD,28371
Semitropic WSD,28374
Semitropic WSD,28375
Semitropic WSD,28376
Semitropic WSD,28377
Semitropic WSD,28378
Semitropic WSD,28471
Semitropic WSD,28472
Semitropic WSD,28473
Semitropic WSD,28474
Semitropic WSD,28475
Semitropic WSD,28476
Semitropic WSD,28477
Semitropic WSD,28478
Semitropic WSD,28479
Semitropic WSD,28480
Semitropic WSD,28481
Semitropic WSD,28482
Semitropic WSD,28483
Semitropic WSD,28484
Semitropic WSD,28485
Semitropic WSD,28486
Semitropic WSD,28487
Semitropic WSD,28489
Semitropic WSD,28576
Semitropic WSD,28577
Semitropic WSD,28578
Semitropic WSD,28579
Semitropic WSD,28580
Semitropic WSD,28581
Semitropic WSD,28582
Semitropic WSD,28583
Semitropic WSD,28584
Semitropic WSD,28585
Semitropic WSD,28586
Semitropic WSD,28587
Semitropic WSD,28588
Semitropic WSD,28589
Semitropic WSD,28590
Semitropic WSD,28591
Semitropic WSD,28592
Semitropic WSD,28593
Semitropic WSD,28594
Semitropic WSD,28595
Semitropic WSD,28596
Semitropic WSD,28597
Semitropic WSD,28598
Semitropic WSD,28599
Semitropic WSD,28600
Semitropic WSD,28601
Semitropic WSD,28681
Semitropic WSD,28682
Semitropic WSD,28683
Semitropic WSD,28684
Semitropic WSD,28685
Semitropic WSD,28686
Semitropic WSD,28687
Semitropic WSD,28688
Semitropic WSD,28689
Semitropic WSD,28690
Semitropic WSD,28691
Semitropic WSD,28692
Semitropic WSD,28693
Semitropic WSD,28694
Semitropic WSD,28695
Semitropic WSD,28696
Semitropic WSD,28697
Semitropic WSD,28698
Semitropic WSD,28699
Semitropic WSD,28700
Semitropic WSD,28701
Semitropic WSD,28702
Semitropic WSD,28703
Semitropic WSD,28704
Semitropic WSD,28705
Semitropic WSD,28706
Semitropic WSD,28707
Semitropic WSD,28708
Semitropic WSD,28709
Semitropic WSD,28710
Semitropic WSD,28711
Semitropic WSD,28789
Semitropic WSD,28790
Semitropic WSD,28791
Semitropic WSD,28792
Semitropic WSD,28793
Semitropic WSD,28794
Semitropic WSD,28795
Semitropic WSD,28796
Semitropic WSD,28797
Semitropic WSD,28798
Semitropic WSD,28799
Semitropic WSD,28800
Semitropic WSD,28801
Semitropic WSD,28802
Semitropic WSD,28803
Semitropic WSD,28804
Semitropic WSD,28805
Semitropic WSD,28806
Semitropic WSD,28807
Semitropic WSD,28808
Semitropic WSD,28809
Semitropic WSD,28810
Semitropic WSD,28811
Semitropic WSD,28812
Semitropic WSD,28815
Semitropic WSD,28816
Semitropic WSD,28909
Semitropic WSD,28910
Semitropic WSD,28911
Semitropic WSD,28912
Semitropic WSD,28913
Semitropic WSD,28914
Semitropic WSD,28915
Semitropic WSD,28916
Semitropic WSD,28917
Semitropic WSD,28918
Semitropic WSD,28919
Semitropic WSD,28920
Semitropic WSD,28921
Semitropic WSD,28922
Semitropic WSD,28923
Semitropic WSD,28924
Semitropic WSD,28925
Semitropic WSD,28926
Semitropic WSD,28927
Semitropic WSD,28928
Semitropic WSD,29037
Semitropic WSD,29038
Semitropic WSD,29039
Semitropic WSD,29040
Semitropic WSD,29041
Semitropic WSD,29042
Semitropic WSD,29043
Semitropic WSD,29044
Semitropic WSD,29045
Semitropic WSD,29046
Semitropic WSD,29047
Semitropic WSD,29050
Semitropic WSD,29051
Semitropic WSD,29052
Semitropic WSD,29174
Semitropic WSD,29175
Semitropic WSD,29176
Semitropic WSD,29177
Semitropic WSD,29302
Pond Poso Improv Dist,28602
Pond Poso Improv Dist,28603
Pond Poso Improv Dist,28712
Pond Poso Improv Dist,28713
Pond Poso Improv Dist,28714
Pond Poso Improv Dist,28813
Pond Poso Improv Dist,28814
Pond Poso Improv Dist,28817
Pond Poso Improv Dist,28818
Pond Poso Improv Dist,28819
Pond Poso Improv Dist,28820
Pond Poso Improv Dist,28821
Pond Poso Improv Dist,28822
Pond Poso Improv Dist,28823
Pond Poso Improv Dist,28824
Pond Poso Improv Dist,28929
Pond Poso Improv Dist,28930
Pond Poso Improv Dist,28931
Pond Poso Improv Dist,28932
Pond Poso Improv Dist,28933
Pond Poso Improv Dist,28934
Pond Poso Improv Dist,28935
Pond Poso Improv Dist,28936
Pond Poso Improv Dist,28937
Pond Poso Improv Dist,28938
Pond Poso Improv Dist,28939
Pond Poso Improv Dist,28940
Pond Poso Improv Dist,28941
Pond Poso Improv Dist,28942
Pond Poso Improv Dist,28943
Pond Poso Improv Dist,28944
Pond Poso Improv Dist,28946
Pond Poso Improv Dist,29048
Pond Poso Improv Dist,29049
Pond Poso Improv Dist,29053
Pond Poso Improv Dist,29054
Pond Poso Improv Dist,29055
Pond Poso Improv Dist,29056
Pond Poso Improv Dist,29057
Pond Poso Improv Dist,29058
Pond Poso Improv Dist,29059
Pond Poso Improv Dist,29060
Pond Poso Improv Dist,29061
Pond Poso Improv Dist,29062
Pond Poso Improv Dist,29063
Pond Poso Improv Dist,29064
Pond Poso Improv Dist,29065
Pond Poso Improv Dist,29066
Pond Poso Improv Dist,29067
Pond Poso Improv Dist,29068
Pond Poso Improv Dist,29069
Pond Poso Improv Dist,29070
Pond Poso Improv Dist,29178
Pond Poso Improv Dist,29179
Pond Poso Improv Dist,29180
Pond Poso Improv Dist,29181
Pond Poso Improv Dist,29182
Pond Poso Improv Dist,29183
Pond Poso Improv Dist,29184
Pond Poso Improv Dist,29185
Pond Poso Improv Dist,29186
Pond Poso Improv Dist,29187
Pond Poso Improv Dist,29188
Pond Poso Improv Dist,29189
Pond Poso Improv Dist,29190
Pond Poso Improv Dist,29191
Pond Poso Improv Dist,29192
Pond Poso Improv Dist,29193
Pond Poso Improv Dist,29194
Pond Poso Improv Dist,29195
Pond Poso Improv Dist,29196
Pond Poso Improv Dist,29197
Pond Poso Improv Dist,29198
Pond Poso Improv Dist,29199
Pond Poso Improv Dist,29200
Pond Poso Improv Dist,29201
Pond Poso Improv Dist,29202
Pond Poso Improv Dist,29203
Pond Poso Improv Dist,29204
Pond Poso Improv Dist,29205
Pond Poso Improv Dist,29206
Pond Poso Improv Dist,29207
Pond Poso Improv Dist,29210
Pond Poso Improv Dist,29303
Pond Poso Improv Dist,29304
Pond Poso Improv Dist,29305
Pond Poso Improv Dist,29306
Pond Poso Improv Dist,29307
Pond Poso Improv Dist,29308
Pond Poso Improv Dist,29309
Pond Poso Improv Dist,29310
Pond Poso Improv Dist,29311
Pond Poso Improv Dist,29312
Pond Poso Improv Dist,29313
Pond Poso Improv Dist,29314
Pond Poso Improv Dist,29315
Pond Poso Improv Dist,29316
Pond Poso Improv Dist,29317
Pond Poso Improv Dist,29318
Pond Poso Improv Dist,29319
Pond Poso Improv Dist,29320
Pond Poso Improv Dist,29321
Pond Poso Improv Dist,29322
Pond Poso Improv Dist,29323
Pond Poso Improv Dist,29324
Pond Poso Improv Dist,29325
Pond Poso Improv Dist,29326
Pond Poso Improv Dist,29327
Pond Poso Improv Dist,29332
Pond Poso Improv Dist,29333
Pond Poso Improv Dist,29334
Pond Poso Improv Dist,29424
Pond Poso Improv Dist,29425
Pond Poso Improv Dist,29426
Pond Poso Improv Dist,29427
Pond Poso Improv Dist,29428
Pond Poso Improv Dist,29429
Pond Poso Improv Dist,29430
Pond Poso Improv Dist,29431
Pond Poso Improv Dist,29432
Pond Poso Improv Dist,29433
Pond Poso Improv Dist,29434
Pond Poso Improv Dist,29435
Pond Poso Improv Dist,29436
Pond Poso Improv Dist,29437
Pond Poso Improv Dist,29438
Pond Poso Improv Dist,29439
Pond Poso Improv Dist,29440
Pond Poso Improv Dist,29445
Pond Poso Improv Dist,29446
Pond Poso Improv Dist,29447
Pond Poso Improv Dist,29546
Pond Poso Improv Dist,29547
Pond Poso Improv Dist,29548
Pond Poso Improv Dist,29549
Pond Poso Improv Dist,29550
Pond Poso Improv Dist,29551
Pond Poso Improv Dist,29552
Pond Poso Improv Dist,29553
Pond Poso Improv Dist,29554
Pond Poso Improv Dist,29555
Pond Poso Improv Dist,29556
Pond Poso Improv Dist,29557
Pond Poso Improv Dist,29558
Pond Poso Improv Dist,29559
Pond Poso Improv Dist,29560
Pond Poso Improv Dist,29561
Pond Poso Improv Dist,29562
Pond Poso Improv Dist,29563
Pond Poso Improv Dist,29671
Pond Poso Improv Dist,29672
Pond Poso Improv Dist,29673
Pond Poso Improv Dist,29674
Pond Poso Improv Dist,29675
Pond Poso Improv Dist,29676
Pond Poso Improv Dist,29677
Pond Poso Improv Dist,29678
Pond Poso Improv Dist,29681
Pond Poso Improv Dist,29682
Pond Poso Improv Dist,29683
Pond Poso Improv Dist,29684
Pond Poso Improv Dist,29685
Pond Poso Improv Dist,29687
Pond Poso Improv Dist,29798
Pond Poso Improv Dist,29799
Pond Poso Improv Dist,29804
Pond Poso Improv Dist,29909
Pond Poso Improv Dist,29910
Pond Poso Improv Dist,30013
Pond Poso Improv Dist,30014
Pond Poso Improv Dist,30015
Pond Poso Improv Dist,30121
Pond Poso Improv Dist,30122
Pond Poso Improv Dist,30123
Pond Poso Improv Dist,30215
Buttonwillow Improv Dist,29171
Buttonwillow Improv Dist,29172
Buttonwillow Improv Dist,29173
Buttonwillow Improv Dist,29297
Buttonwillow Improv Dist,29298
Buttonwillow Improv Dist,29299
Buttonwillow Improv Dist,29300
Buttonwillow Improv Dist,29301
Buttonwillow Improv Dist,29415
Buttonwillow Improv Dist,29420
Buttonwillow Improv Dist,29421
Buttonwillow Improv Dist,29422
Buttonwillow Improv Dist,29423
Buttonwillow Improv Dist,29536
Buttonwillow Improv Dist,29537
Buttonwillow Improv Dist,29538
Buttonwillow Improv Dist,29539
Buttonwillow Improv Dist,29540
Buttonwillow Improv Dist,29541
Buttonwillow Improv Dist,29542
Buttonwillow Improv Dist,29543
Buttonwillow Improv Dist,29544
Buttonwillow Improv Dist,29545
Buttonwillow Improv Dist,29661
Buttonwillow Improv Dist,29662
Buttonwillow Improv Dist,29663
Buttonwillow Improv Dist,29664
Buttonwillow Improv Dist,29665
Buttonwillow Improv Dist,29666
Buttonwillow Improv Dist,29667
Buttonwillow Improv Dist,29668
Buttonwillow Improv Dist,29669
Buttonwillow Improv Dist,29670
Buttonwillow Improv Dist,29788
Buttonwillow Improv Dist,29789
Buttonwillow Improv Dist,29790
Buttonwillow Improv Dist,29791
Buttonwillow Improv Dist,29792
Buttonwillow Improv Dist,29793
Buttonwillow Improv Dist,29794
Buttonwillow Improv Dist,29795
Buttonwillow Improv Dist,29796
Buttonwillow Improv Dist,29797
Buttonwillow Improv Dist,29900
Buttonwillow Improv Dist,29901
Buttonwillow Improv Dist,29902
Buttonwillow Improv Dist,29903
Buttonwillow Improv Dist,29904
Buttonwillow Improv Dist,29905
Buttonwillow Improv Dist,29906
Buttonwillow Improv Dist,29907
Buttonwillow Improv Dist,29908
Buttonwillow Improv Dist,30005
Buttonwillow Improv Dist,30006
Buttonwillow Improv Dist,30007
Buttonwillow Improv Dist,30008
Buttonwillow Improv Dist,30009
Buttonwillow Improv Dist,30010
Buttonwillow Improv Dist,30011
Buttonwillow Improv Dist,30012
Buttonwillow Improv Dist,30113
Buttonwillow Improv Dist,30114
Buttonwillow Improv Dist,30115
Buttonwillow Improv Dist,30116
Buttonwillow Improv Dist,30117
Buttonwillow Improv Dist,30118
Buttonwillow Improv Dist,30119
Buttonwillow Improv Dist,30120
Buttonwillow Improv Dist,30206
Buttonwillow Improv Dist,30207
Buttonwillow Improv Dist,30208
Buttonwillow Improv Dist,30209
Buttonwillow Improv Dist,30210
Buttonwillow Improv Dist,30211
Buttonwillow Improv Dist,30212
Buttonwillow Improv Dist,30213
Buttonwillow Improv Dist,30214
Buttonwillow Improv Dist,30300
Buttonwillow Improv Dist,30301
Buttonwillow Improv Dist,30302
Buttonwillow Improv Dist,30303
Buttonwillow Improv Dist,30304
Buttonwillow Improv Dist,30305
Buttonwillow Improv Dist,30306
Buttonwillow Improv Dist,30307
Buttonwillow Improv Dist,30308
Buttonwillow Improv Dist,30309
Buttonwillow Improv Dist,30397
Buttonwillow Improv Dist,30398
Buttonwillow Improv Dist,30399
Buttonwillow Improv Dist,30400
Buttonwillow Improv Dist,30401
Buttonwillow Improv Dist,30402
Buttonwillow Improv Dist,30403
Buttonwillow Improv Dist,30404
Buttonwillow Improv Dist,30405
Buttonwillow Improv Dist,30500
Buttonwillow Improv Dist,30501
Buttonwillow Improv Dist,30502
Buttonwillow Improv Dist,30503
Buttonwillow Improv Dist,30504
Buttonwillow Improv Dist,30505
Buttonwillow Improv Dist,30602
Buttonwillow Improv Dist,30603
Buttonwillow Improv Dist,30605
Buttonwillow Improv Dist,30701
Belridge WSD,28237
Belridge WSD,28349
Belridge WSD,28350
Belridge WSD,28351
Belridge WSD,28352
Belridge WSD,28455
Belridge WSD,28456
Belridge WSD,28457
Belridge WSD,28458
Belridge WSD,28459
Belridge WSD,28460
Belridge WSD,28563
Belridge WSD,28564
Belridge WSD,28565
Belridge WSD,28566
Belridge WSD,28567
Belridge WSD,28568
Belridge WSD,28569
Belridge WSD,28669
Belridge WSD,28671
Belridge WSD,28672
Belridge WSD,28673
Belridge WSD,28674
Belridge WSD,28675
Belridge WSD,28678
Belridge WSD,28775
Belridge WSD,28776
Belridge WSD,28777
Belridge WSD,28778
Belridge WSD,28779
Belridge WSD,28780
Belridge WSD,28781
Belridge WSD,28782
Belridge WSD,28783
Belridge WSD,28784
Belridge WSD,28785
Belridge WSD,28786
Belridge WSD,28889
Belridge WSD,28890
Belridge WSD,28891
Belridge WSD,28892
Belridge WSD,28893
Belridge WSD,28894
Belridge WSD,28895
Belridge WSD,28896
Belridge WSD,28897
Belridge WSD,28898
Belridge WSD,28899
Belridge WSD,28900
Belridge WSD,28901
Belridge WSD,28902
Belridge WSD,28903
Belridge WSD,28904
Belridge WSD,28905
Belridge WSD,29018
Belridge WSD,29019
Belridge WSD,29020
Belridge WSD,29021
Belridge WSD,29022
Belridge WSD,29023
Belridge WSD,29024
Belridge WSD,29025
Belridge WSD,29026
Belridge WSD,29027
Belridge WSD,29028
Belridge WSD,29029
Belridge WSD,29148
Belridge WSD,29149
Belridge WSD,29150
Belridge WSD,29151
Belridge WSD,29152
Belridge WSD,29153
Belridge WSD,29154
Belridge WSD,29155
Belridge WSD,29156
Belridge WSD,29157
Belridge WSD,29158
Belridge WSD,29159
Belridge WSD,29274
Belridge WSD,29275
Belridge WSD,29276
Belridge WSD,29277
Belridge WSD,29278
Belridge WSD,29279
Belridge WSD,29280
Belridge WSD,29281
Belridge WSD,29282
Belridge WSD,29283
Belridge WSD,29284
Belridge WSD,29397
Belridge WSD,29398
Belridge WSD,29399
Belridge WSD,29400
Belridge WSD,29401
Belridge WSD,29402
Belridge WSD,29403
Belridge WSD,29404
Belridge WSD,29405
Belridge WSD,29406
Belridge WSD,29407
Belridge WSD,29408
Belridge WSD,29519
Belridge WSD,29520
Belridge WSD,29522
Belridge WSD,29523
Belridge WSD,29524
Belridge WSD,29525
Belridge WSD,29526
Belridge WSD,29527
Belridge WSD,29528
Belridge WSD,29644
Belridge WSD,29645
Belridge WSD,29646
Belridge WSD,29647
Belridge WSD,29648
Belridge WSD,29649
Belridge WSD,29650
Belridge WSD,29651
Belridge WSD,29652
Belridge WSD,29653
Belridge WSD,29772
Belridge WSD,29773
Belridge WSD,29774
Belridge WSD,29775
Belridge WSD,29776
Belridge WSD,29777
Belridge WSD,29881
Belridge WSD,29882
Belridge WSD,29883
Belridge WSD,29884
Belridge WSD,29885
Belridge WSD,29886
Belridge WSD,29887
Belridge WSD,29888
Belridge WSD,29987
Belridge WSD,29991
Belridge WSD,29992
Belridge WSD,29995
Belridge WSD,29996
Belridge WSD,29997
Shafter-Wasco ID,29679
Shafter-Wasco ID,29800
Shafter-Wasco ID,29801
Shafter-Wasco ID,29802
Shafter-Wasco ID,29803
Shafter-Wasco ID,29805
Shafter-Wasco ID,29911
Shafter-Wasco ID,29912
Shafter-Wasco ID,29913
Shafter-Wasco ID,29914
Shafter-Wasco ID,29915
Shafter-Wasco ID,30016
Shafter-Wasco ID,30017
Shafter-Wasco ID,30018
Shafter-Wasco ID,30021
Shafter-Wasco ID,30124
Shafter-Wasco ID,30125
Shafter-Wasco ID,30126
Shafter-Wasco ID,30127
Shafter-Wasco ID,30216
Shafter-Wasco ID,30217
Shafter-Wasco ID,30218
Shafter-Wasco ID,30219
Shafter-Wasco ID,30220
Shafter-Wasco ID,30221
Shafter-Wasco ID,30310
Shafter-Wasco ID,30311
Shafter-Wasco ID,30312
Shafter-Wasco ID,30313
Shafter-Wasco ID,30314
Shafter-Wasco ID,30315
Shafter-Wasco ID,30407
Shafter-Wasco ID,30408
Shafter-Wasco ID,30409
Shafter-Wasco ID,30410
Shafter-Wasco ID,30411
Shafter-Wasco ID,30412
Shafter-Wasco ID,30508
Shafter-Wasco ID,30509
Shafter-Wasco ID,30512
Shafter-Wasco ID,30609
Shafter-Wasco ID,30610
Shafter-Wasco ID,30612
Shafter-Wasco ID,30708
Shafter-Wasco ID,30709
Shafter-Wasco ID,30710
Shafter-Wasco ID,30805
Shafter-Wasco ID,30806
Shafter-Wasco ID,30807
Southern San Joaquin MUD,29071
Southern San Joaquin MUD,29072
Southern San Joaquin MUD,29073
Southern San Joaquin MUD,29208
Southern San Joaquin MUD,29209
Southern San Joaquin MUD,29211
Southern San Joaquin MUD,29212
Southern San Joaquin MUD,29331
Southern San Joaquin MUD,29335
Southern San Joaquin MUD,29336
Southern San Joaquin MUD,29337
Southern San Joaquin MUD,29338
Southern San Joaquin MUD,29339
Southern San Joaquin MUD,29340
Southern San Joaquin MUD,29452
Southern San Joaquin MUD,29453
Southern San Joaquin MUD,29454
Southern San Joaquin MUD,29456
Southern San Joaquin MUD,29457
Southern San Joaquin MUD,29458
Southern San Joaquin MUD,29459
Southern San Joaquin MUD,29460
Southern San Joaquin MUD,29564
Southern San Joaquin MUD,29565
Southern San Joaquin MUD,29566
Southern San Joaquin MUD,29574
Southern San Joaquin MUD,29575
Southern San Joaquin MUD,29576
Southern San Joaquin MUD,29577
Southern San Joaquin MUD,29578
Southern San Joaquin MUD,29579
Southern San Joaquin MUD,29580
Southern San Joaquin MUD,29701
Southern San Joaquin MUD,29702
Southern San Joaquin MUD,29703
Southern San Joaquin MUD,29704
Southern San Joaquin MUD,29705
Southern San Joaquin MUD,29706
Southern San Joaquin MUD,29825
Southern San Joaquin MUD,29826
Southern San Joaquin MUD,29827
Southern San Joaquin MUD,29828
Southern San Joaquin MUD,29829
Southern San Joaquin MUD,29830
Southern San Joaquin MUD,29937
Southern San Joaquin MUD,29938
Southern San Joaquin MUD,29939
Southern San Joaquin MUD,29940
Southern San Joaquin MUD,29941
Southern San Joaquin MUD,29942
Southern San Joaquin MUD,29943
Southern San Joaquin MUD,29944
Southern San Joaquin MUD,29945
Southern San Joaquin MUD,30043
Southern San Joaquin MUD,30044
Southern San Joaquin MUD,30045
Southern San Joaquin MUD,30046
Southern San Joaquin MUD,30047
Southern San Joaquin MUD,30048
Southern San Joaquin MUD,30049
Southern San Joaquin MUD,30050
Southern San Joaquin MUD,30051
Southern San Joaquin MUD,30052
Southern San Joaquin MUD,30053
Southern San Joaquin MUD,30143
Southern San Joaquin MUD,30144
Southern San Joaquin MUD,30145
Southern San Joaquin MUD,30146
Southern San Joaquin MUD,30147
Southern San Joaquin MUD,30148
Southern San Joaquin MUD,30149
Southern San Joaquin MUD,30150
Southern San Joaquin MUD,30151
Southern San Joaquin MUD,30152
Southern San Joaquin MUD,30153
Southern San Joaquin MUD,30154
Southern San Joaquin MUD,30155
Southern San Joaquin MUD,30239
Southern San Joaquin MUD,30240
Southern San Joaquin MUD,30241
Southern San Joaquin MUD,30242
Southern San Joaquin MUD,30243
Southern San Joaquin MUD,30247
Southern San Joaquin MUD,30248
Southern San Joaquin MUD,30249
Southern San Joaquin MUD,30250
Southern San Joaquin MUD,30251
Southern San Joaquin MUD,30348
Southern San Joaquin MUD,30349
Southern San Joaquin MUD,30350
Southern San Joaquin MUD,30351
Southern San Joaquin MUD,30352
Southern San Joaquin MUD,30446
Southern San Joaquin MUD,30447
Southern San Joaquin MUD,30448
North Kern WSD A,29328
North Kern WSD A,29329
North Kern WSD A,29330
North Kern WSD A,29441
North Kern WSD A,29442
North Kern WSD A,29443
North Kern WSD A,29444
North Kern WSD A,29448
North Kern WSD A,29449
North Kern WSD A,29450
North Kern WSD A,29451
North Kern WSD A,29455
North Kern WSD A,29567
North Kern WSD A,29568
North Kern WSD A,29569
North Kern WSD A,29570
North Kern WSD A,29571
North Kern WSD A,29572
North Kern WSD A,29573
North Kern WSD A,29680
North Kern WSD A,29686
North Kern WSD A,29688
North Kern WSD A,29689
North Kern WSD A,29690
North Kern WSD A,29691
North Kern WSD A,29692
North Kern WSD A,29693
North Kern WSD A,29694
North Kern WSD A,29695
North Kern WSD A,29696
North Kern WSD A,29697
North Kern WSD A,29698
North Kern WSD A,29699
North Kern WSD A,29700
North Kern WSD A,29806
North Kern WSD A,29807
North Kern WSD A,29808
North Kern WSD A,29809
North Kern WSD A,29810
North Kern WSD A,29811
North Kern WSD A,29812
North Kern WSD A,29813
North Kern WSD A,29814
North Kern WSD A,29815
North Kern WSD A,29816
North Kern WSD A,29817
North Kern WSD A,29818
North Kern WSD A,29819
North Kern WSD A,29820
North Kern WSD A,29821
North Kern WSD A,29822
North Kern WSD A,29823
North Kern WSD A,29824
North Kern WSD A,29916
North Kern WSD A,29917
North Kern WSD A,29918
North Kern WSD A,29919
North Kern WSD A,29920
North Kern WSD A,29921
North Kern WSD A,29922
North Kern WSD A,29923
North Kern WSD A,29924
North Kern WSD A,29925
North Kern WSD A,29926
North Kern WSD A,29927
North Kern WSD A,29928
North Kern WSD A,29929
North Kern WSD A,29930
North Kern WSD A,29931
North Kern WSD A,29932
North Kern WSD A,29933
North Kern WSD A,29934
North Kern WSD A,29935
North Kern WSD A,29936
North Kern WSD A,30022
North Kern WSD A,30023
North Kern WSD A,30024
North Kern WSD A,30025
North Kern WSD A,30026
North Kern WSD A,30027
North Kern WSD A,30028
North Kern WSD A,30029
North Kern WSD A,30030
North Kern WSD A,30031
North Kern WSD A,30032
North Kern WSD A,30033
North Kern WSD A,30034
North Kern WSD A,30035
North Kern WSD A,30036
North Kern WSD A,30037
North Kern WSD A,30038
North Kern WSD A,30039
North Kern WSD A,30040
North Kern WSD A,30041
North Kern WSD A,30042
North Kern WSD A,30128
North Kern WSD A,30129
North Kern WSD A,30130
North Kern WSD A,30131
North Kern WSD A,30132
North Kern WSD A,30133
North Kern WSD A,30134
North Kern WSD A,30135
North Kern WSD A,30136
North Kern WSD A,30137
North Kern WSD A,30138
North Kern WSD A,30139
North Kern WSD A,30140
North Kern WSD A,30141
North Kern WSD A,30142
North Kern WSD A,30222
North Kern WSD A,30223
North Kern WSD A,30224
North Kern WSD A,30225
North Kern WSD A,30226
North Kern WSD A,30227
North Kern WSD A,30228
North Kern WSD A,30229
North Kern WSD A,30230
North Kern WSD A,30231
North Kern WSD A,30232
North Kern WSD A,30233
North Kern WSD A,30234
North Kern WSD A,30235
North Kern WSD A,30236
North Kern WSD A,30316
North Kern WSD A,30317
North Kern WSD A,30318
North Kern WSD A,30319
North Kern WSD A,30320
North Kern WSD A,30321
North Kern WSD A,30322
North Kern WSD A,30323
North Kern WSD A,30324
North Kern WSD A,30325
North Kern WSD A,30326
North Kern WSD A,30327
North Kern WSD A,30328
North Kern WSD A,30329
North Kern WSD A,30330
North Kern WSD A,30331
North Kern WSD A,30332
North Kern WSD A,30333
North Kern WSD A,30334
North Kern WSD A,30413
North Kern WSD A,30414
North Kern WSD A,30415
North Kern WSD A,30416
North Kern WSD A,30417
North Kern WSD A,30418
North Kern WSD A,30419
North Kern WSD A,30420
North Kern WSD A,30421
North Kern WSD A,30422
North Kern WSD A,30423
North Kern WSD A,30424
North Kern WSD A,30425
North Kern WSD A,30426
North Kern WSD A,30513
North Kern WSD A,30514
North Kern WSD A,30515
North Kern WSD A,30516
North Kern WSD A,30517
North Kern WSD A,30518
North Kern WSD A,30519
North Kern WSD A,30525
North Kern WSD A,30613
North Kern WSD A,30614
North Kern WSD A,30615
North Kern WSD A,30616
North Kern WSD A,30617
North Kern WSD A,30711
North Kern WSD A,30712
North Kern WSD A,30713
North Kern WSD A,30714
North Kern WSD A,30715
North Kern WSD A,30716
North Kern WSD A,30808
North Kern WSD A,30809
North Kern WSD A,30810
North Kern WSD A,30811
North Kern WSD A,30812
North Kern WSD A,30813
North Kern WSD A,30814
North Kern WSD A,30815
North Kern WSD A,30901
North Kern WSD A,30902
North Kern WSD A,30903
North Kern WSD A,30904
North Kern WSD A,30905
North Kern WSD A,30998
North Kern WSD A,30999
North Kern WSD A,31000
North Kern WSD A,31001
Rosedale-Rio Bravo WSD,30498
Rosedale-Rio Bravo WSD,30499
Rosedale-Rio Bravo WSD,30599
Rosedale-Rio Bravo WSD,30600
Rosedale-Rio Bravo WSD,30601
Rosedale-Rio Bravo WSD,30604
Rosedale-Rio Bravo WSD,30697
Rosedale-Rio Bravo WSD,30698
Rosedale-Rio Bravo WSD,30699
Rosedale-Rio Bravo WSD,30700
Rosedale-Rio Bravo WSD,30702
Rosedale-Rio Bravo WSD,30703
Rosedale-Rio Bravo WSD,30795
Rosedale-Rio Bravo WSD,30796
Rosedale-Rio Bravo WSD,30797
Rosedale-Rio Bravo WSD,30798
Rosedale-Rio Bravo WSD,30799
Rosedale-Rio Bravo WSD,30800
Rosedale-Rio Bravo WSD,30801
Rosedale-Rio Bravo WSD,30802
Rosedale-Rio Bravo WSD,30887
Rosedale-Rio Bravo WSD,30888
Rosedale-Rio Bravo WSD,30889
Rosedale-Rio Bravo WSD,30891
Rosedale-Rio Bravo WSD,30892
Rosedale-Rio Bravo WSD,30893
Rosedale-Rio Bravo WSD,30894
Rosedale-Rio Bravo WSD,30895
Rosedale-Rio Bravo WSD,30896
Rosedale-Rio Bravo WSD,30983
Rosedale-Rio Bravo WSD,30984
Rosedale-Rio Bravo WSD,30985
Rosedale-Rio Bravo WSD,30986
Rosedale-Rio Bravo WSD,30987
Rosedale-Rio Bravo WSD,30988
Rosedale-Rio Bravo WSD,30989
Rosedale-Rio Bravo WSD,30990
Rosedale-Rio Bravo WSD,30991
Rosedale-Rio Bravo WSD,31080
Rosedale-Rio Bravo WSD,31081
Rosedale-Rio Bravo WSD,31082
Rosedale-Rio Bravo WSD,31083
Rosedale-Rio Bravo WSD,31084
Rosedale-Rio Bravo WSD,31168
Rosedale-Rio Bravo WSD,31169
Rosedale-Rio Bravo WSD,31258
Rosedale-Rio Bravo WSD,31259
Rosedale-Rio Bravo WSD,31352
Rosedale Ranch ID,30899
Rosedale Ranch ID,30900
Rosedale Ranch ID,30993
Rosedale Ranch ID,30994
Rosedale Ranch ID,30995
Rosedale Ranch ID,30996
Rosedale Ranch ID,31087
Rosedale Ranch ID,31088
Rosedale Ranch ID,31089
Rosedale Ranch ID,31090
Rosedale Ranch ID,31091
Rosedale Ranch ID,31173
Rosedale Ranch ID,31174
Vaughn Water Company,31085
Vaughn Water Company,31086
Vaughn Water Company,31170
Vaughn Water Company,31171
Vaughn Water Company,31172
Vaughn Water Company,31175
Vaughn Water Company,31176
Vaughn Water Company,31260
Vaughn Water Company,31261
Vaughn Water Company,31262
Vaughn Water Company,31263
Camelo WD,30237
Camelo WD,30238
Camelo WD,30244
Camelo WD,30245
Camelo WD,30246
Camelo WD,30335
Camelo WD,30336
Camelo WD,30337
Camelo WD,30338
Camelo WD,30339
Camelo WD,30340
Camelo WD,30341
Camelo WD,30342
Camelo WD,30343
Camelo WD,30344
Camelo WD,30345
Camelo WD,30346
Camelo WD,30347
Camelo WD,30427
Camelo WD,30428
Camelo WD,30429
Camelo WD,30430
Camelo WD,30431
Camelo WD,30432
Camelo WD,30433
Camelo WD,30434
Camelo WD,30435
Camelo WD,30436
Camelo WD,30437
Camelo WD,30438
Camelo WD,30439
Camelo WD,30440
Camelo WD,30441
Camelo WD,30442
Camelo WD,30443
Camelo WD,30444
Camelo WD,30445
Camelo WD,30520
Camelo WD,30521
Camelo WD,30522
Camelo WD,30523
Camelo WD,30524
Camelo WD,30526
Camelo WD,30527
Camelo WD,30528
Camelo WD,30529
Camelo WD,30530
Camelo WD,30531
Camelo WD,30532
Camelo WD,30533
Camelo WD,30534
Camelo WD,30535
Camelo WD,30536
Camelo WD,30537
Camelo WD,30538
Camelo WD,30539
Camelo WD,30540
Camelo WD,30541
Camelo WD,30542
Camelo WD,30543
Camelo WD,30618
Camelo WD,30619
Camelo WD,30620
Camelo WD,30621
Camelo WD,30622
Camelo WD,30623
Camelo WD,30624
Camelo WD,30625
Camelo WD,30626
Camelo WD,30627
Camelo WD,30628
Camelo WD,30629
Camelo WD,30630
Camelo WD,30631
Camelo WD,30632
Camelo WD,30633
Camelo WD,30634
Camelo WD,30639
Camelo WD,30640
Camelo WD,30641
Camelo WD,30717
Camelo WD,30718
Camelo WD,30719
Camelo WD,30720
Camelo WD,30721
Camelo WD,30722
Camelo WD,30723
Camelo WD,30724
Camelo WD,30725
Camelo WD,30726
Camelo WD,30727
Camelo WD,30728
Camelo WD,30729
Camelo WD,30730
Camelo WD,30731
Camelo WD,30742
Camelo WD,30816
Camelo WD,30817
Camelo WD,30818
Camelo WD,30819
Camelo WD,30820
Camelo WD,30821
Camelo WD,30822
Camelo WD,30823
Camelo WD,30824
Camelo WD,30825
Camelo WD,30826
Camelo WD,30827
Camelo WD,30906
Camelo WD,30907
Camelo WD,30908
Camelo WD,30909
Camelo WD,30910
Camelo WD,31002
Camelo WD,31003
Camelo WD,31004
Camelo WD,31005
Camelo WD,31006
Camelo WD,31099
Camelo WD,31100
Camelo WD,31101
Camelo WD,31189
Kern-Tulare WD,29963
Kern-Tulare WD,29964
Kern-Tulare WD,30069
Kern-Tulare WD,30070
Kern-Tulare WD,30071
Kern-Tulare WD,30072
Kern-Tulare WD,30073
Kern-Tulare WD,30166
Kern-Tulare WD,30167
Kern-Tulare WD,30168
Kern-Tulare WD,30261
Kern-Tulare WD,30262
Kern-Tulare WD,30263
Kern-Tulare WD,30264
Kern-Tulare WD,30265
Kern-Tulare WD,30360
Kern-Tulare WD,30361
Kern-Tulare WD,30362
Kern-Tulare WD,30449
Kern-Tulare WD,30450
Kern-Tulare WD,30451
Kern-Tulare WD,30452
Kern-Tulare WD,30456
Kern-Tulare WD,30544
Kern-Tulare WD,30545
Kern-Tulare WD,30546
Kern-Tulare WD,30547
Kern-Tulare WD,30548
Kern-Tulare WD,30549
Kern-Tulare WD,30550
Kern-Tulare WD,30551
Kern-Tulare WD,30554
Kern-Tulare WD,30638
Kern-Tulare WD,30642
Kern-Tulare WD,30643
Kern-Tulare WD,30644
Kern-Tulare WD,30645
Kern-Tulare WD,30646
Kern-Tulare WD,30647
Kern-Tulare WD,30648
Kern-Tulare WD,30745
Olcese WD,32033
Olcese WD,32034
Olcese WD,32035
Olcese WD,32036
Olcese WD,32089
Olcese WD,32090
Olcese WD,32091
Olcese WD,32092
Olcese WD,32148
Olcese WD,32149
Olcese WD,32198
Olcese WD,32199
Olcese WD,32200
Olcese WD,32248
Olcese WD,32249
Olcese WD,32250
Olcese WD,32296
Olcese WD,32297
Olcese WD,32341
Olcese WD,32383
Arvin-Edison WSD A,32025
Arvin-Edison WSD A,32026
Arvin-Edison WSD A,32027
Arvin-Edison WSD A,32029
Arvin-Edison WSD A,32075
Arvin-Edison WSD A,32076
Arvin-Edison WSD A,32077
Arvin-Edison WSD A,32078
Arvin-Edison WSD A,32079
Arvin-Edison WSD A,32080
Arvin-Edison WSD A,32081
Arvin-Edison WSD A,32082
Arvin-Edison WSD A,32083
Arvin-Edison WSD A,32084
Arvin-Edison WSD A,32130
Arvin-Edison WSD A,32131
Arvin-Edison WSD A,32132
Arvin-Edison WSD A,32133
Arvin-Edison WSD A,32134
Arvin-Edison WSD A,32135
Arvin-Edison WSD A,32136
Arvin-Edison WSD A,32137
Arvin-Edison WSD A,32138
Arvin-Edison WSD A,32139
Arvin-Edison WSD A,32140
Arvin-Edison WSD A,32141
Arvin-Edison WSD A,32142
Arvin-Edison WSD A,32143
Arvin-Edison WSD A,32181
Arvin-Edison WSD A,32182
Arvin-Edison WSD A,32183
Arvin-Edison WSD A,32184
Arvin-Edison WSD A,32185
Arvin-Edison WSD A,32186
Arvin-Edison WSD A,32187
Arvin-Edison WSD A,32188
Arvin-Edison WSD A,32189
Arvin-Edison WSD A,32190
Arvin-Edison WSD A,32191
Arvin-Edison WSD A,32192
Arvin-Edison WSD A,32193
Arvin-Edison WSD A,32229
Arvin-Edison WSD A,32230
Arvin-Edison WSD A,32231
Arvin-Edison WSD A,32232
Arvin-Edison WSD A,32233
Arvin-Edison WSD A,32234
Arvin-Edison WSD A,32235
Arvin-Edison WSD A,32236
Arvin-Edison WSD A,32237
Arvin-Edison WSD A,32238
Arvin-Edison WSD A,32239
Arvin-Edison WSD A,32240
Arvin-Edison WSD A,32241
Arvin-Edison WSD A,32242
Arvin-Edison WSD A,32279
Arvin-Edison WSD A,32280
Arvin-Edison WSD A,32281
Arvin-Edison WSD A,32282
Arvin-Edison WSD A,32283
Arvin-Edison WSD A,32284
Arvin-Edison WSD A,32285
Arvin-Edison WSD A,32286
Arvin-Edison WSD A,32287
Arvin-Edison WSD A,32288
Arvin-Edison WSD A,32289
Arvin-Edison WSD A,32290
Arvin-Edison WSD A,32291
Arvin-Edison WSD A,32292
Arvin-Edison WSD A,32324
Arvin-Edison WSD A,32326
Arvin-Edison WSD A,32327
Arvin-Edison WSD A,32328
Arvin-Edison WSD A,32329
Arvin-Edison WSD A,32330
Arvin-Edison WSD A,32331
Arvin-Edison WSD A,32332
Arvin-Edison WSD A,32333
Arvin-Edison WSD A,32334
Arvin-Edison WSD A,32335
Arvin-Edison WSD A,32336
Arvin-Edison WSD A,32367
Arvin-Edison WSD A,32368
Arvin-Edison WSD A,32369
Arvin-Edison WSD A,32370
Arvin-Edison WSD A,32371
Arvin-Edison WSD A,32372
Arvin-Edison WSD A,32373
Arvin-Edison WSD A,32375
Arvin-Edison WSD A,32376
Arvin-Edison WSD A,32410
Arvin-Edison WSD A,32411
Arvin-Edison WSD A,32412
Arvin-Edison WSD A,32413
Arvin-Edison WSD A,32414
Arvin-Edison WSD A,32415
Arvin-Edison WSD A,32444
Arvin-Edison WSD A,32445
Arvin-Edison WSD A,32446
Arvin-Edison WSD A,32447
Arvin-Edison WSD A,32470
Arvin-Edison WSD A,32471
Arvin-Edison WSD B,32211
Arvin-Edison WSD B,32212
Arvin-Edison WSD B,32259
Arvin-Edison WSD B,32260
Arvin-Edison WSD B,32261
Arvin-Edison WSD B,32262
Arvin-Edison WSD B,32263
Arvin-Edison WSD B,32264
Arvin-Edison WSD B,32265
Arvin-Edison WSD B,32266
Arvin-Edison WSD B,32267
Arvin-Edison WSD B,32269
Arvin-Edison WSD B,32307
Arvin-Edison WSD B,32308
Arvin-Edison WSD B,32309
Arvin-Edison WSD B,32310
Arvin-Edison WSD B,32311
Arvin-Edison WSD B,32312
Arvin-Edison WSD B,32313
Arvin-Edison WSD B,32314
Arvin-Edison WSD B,32315
Arvin-Edison WSD B,32316
Arvin-Edison WSD B,32317
Arvin-Edison WSD B,32318
Arvin-Edison WSD B,32319
Arvin-Edison WSD B,32321
Arvin-Edison WSD B,32354
Arvin-Edison WSD B,32355
Arvin-Edison WSD B,32356
Arvin-Edison WSD B,32357
Arvin-Edison WSD B,32358
Arvin-Edison WSD B,32359
Arvin-Edison WSD B,32360
Arvin-Edison WSD B,32361
Arvin-Edison WSD B,32362
Arvin-Edison WSD B,32363
Arvin-Edison WSD B,32364
Arvin-Edison WSD B,32365
Arvin-Edison WSD B,32366
Arvin-Edison WSD B,32398
Arvin-Edison WSD B,32399
Arvin-Edison WSD B,32400
Arvin-Edison WSD B,32401
Arvin-Edison WSD B,32402
Arvin-Edison WSD B,32403
Arvin-Edison WSD B,32404
Arvin-Edison WSD B,32405
Arvin-Edison WSD B,32406
Arvin-Edison WSD B,32407
Arvin-Edison WSD B,32408
Arvin-Edison WSD B,32409
Arvin-Edison WSD B,32434
Arvin-Edison WSD B,32435
Arvin-Edison WSD B,32436
Arvin-Edison WSD B,32437
Arvin-Edison WSD B,32438
Arvin-Edison WSD B,32439
Arvin-Edison WSD B,32440
Arvin-Edison WSD B,32441
Arvin-Edison WSD B,32442
Arvin-Edison WSD B,32443
Arvin-Edison WSD B,32462
Arvin-Edison WSD B,32463
Arvin-Edison WSD B,32464
Arvin-Edison WSD B,32465
Arvin-Edison WSD B,32466
Arvin-Edison WSD B,32467
Arvin-Edison WSD B,32468
Arvin-Edison WSD B,32488
Arvin-Edison WSD B,32489
Arvin-Edison WSD B,32490
Arvin-Edison WSD B,32508
Arvin-Edison WSD B,32509
Wheeler Ridge-Maricopa WSD A,32351
Wheeler Ridge-Maricopa WSD A,32352
Wheeler Ridge-Maricopa WSD A,32353
Wheeler Ridge-Maricopa WSD A,32389
Wheeler Ridge-Maricopa WSD A,32391
Wheeler Ridge-Maricopa WSD A,32392
Wheeler Ridge-Maricopa WSD A,32393
Wheeler Ridge-Maricopa WSD A,32394
Wheeler Ridge-Maricopa WSD A,32395
Wheeler Ridge-Maricopa WSD A,32396
Wheeler Ridge-Maricopa WSD A,32397
Wheeler Ridge-Maricopa WSD A,32425
Wheeler Ridge-Maricopa WSD A,32426
Wheeler Ridge-Maricopa WSD A,32427
Wheeler Ridge-Maricopa WSD A,32428
Wheeler Ridge-Maricopa WSD A,32429
Wheeler Ridge-Maricopa WSD A,32430
Wheeler Ridge-Maricopa WSD A,32431
Wheeler Ridge-Maricopa WSD A,32432
Wheeler Ridge-Maricopa WSD A,32433
Wheeler Ridge-Maricopa WSD A,32451
Wheeler Ridge-Maricopa WSD A,32452
Wheeler Ridge-Maricopa WSD A,32453
Wheeler Ridge-Maricopa WSD A,32454
Wheeler Ridge-Maricopa WSD A,32455
Wheeler Ridge-Maricopa WSD A,32456
Wheeler Ridge-Maricopa WSD A,32457
Wheeler Ridge-Maricopa WSD A,32458
Wheeler Ridge-Maricopa WSD A,32459
Wheeler Ridge-Maricopa WSD A,32460
Wheeler Ridge-Maricopa WSD A,32461
Wheeler Ridge-Maricopa WSD A,32476
Wheeler Ridge-Maricopa WSD A,32477
Wheeler Ridge-Maricopa WSD A,32478
Wheeler Ridge-Maricopa WSD A,32479
Wheeler Ridge-Maricopa WSD A,32480
Wheeler Ridge-Maricopa WSD A,32481
Wheeler Ridge-Maricopa WSD A,32482
Wheeler Ridge-Maricopa WSD A,32483
Wheeler Ridge-Maricopa WSD A,32484
Wheeler Ridge-Maricopa WSD A,32485
Wheeler Ridge-Maricopa WSD A,32486
Wheeler Ridge-Maricopa WSD A,32487
Wheeler Ridge-Maricopa WSD A,32496
Wheeler Ridge-Maricopa WSD A,32497
Wheeler Ridge-Maricopa WSD A,32498
Wheeler Ridge-Maricopa WSD A,32499
Wheeler Ridge-Maricopa WSD A,32500
Wheeler Ridge-Maricopa WSD A,32501
Wheeler Ridge-Maricopa WSD A,32502
Wheeler Ridge-Maricopa WSD A,32503
Wheeler Ridge-Maricopa WSD A,32504
Wheeler Ridge-Maricopa WSD A,32505
Wheeler Ridge-Maricopa WSD A,32506
Wheeler Ridge-Maricopa WSD A,32507
Wheeler Ridge-Maricopa WSD A,32512
Wheeler Ridge-Maricopa WSD A,32516
Wheeler Ridge-Maricopa WSD A,32517
Wheeler Ridge-Maricopa WSD A,32518
Wheeler Ridge-Maricopa WSD A,32525
Wheeler Ridge-Maricopa WSD A,32526
Wheeler Ridge-Maricopa WSD A,32527
Wheeler Ridge-Maricopa WSD A,32528
Wheeler Ridge-Maricopa WSD A,32529
Wheeler Ridge-Maricopa WSD A,32530
Wheeler Ridge-Maricopa WSD A,32531
Wheeler Ridge-Maricopa WSD B,31769
Wheeler Ridge-Maricopa WSD B,31770
Wheeler Ridge-Maricopa WSD B,31771
Wheeler Ridge-Maricopa WSD B,31772
Wheeler Ridge-Maricopa WSD B,31773
Wheeler Ridge-Maricopa WSD B,31774
Wheeler Ridge-Maricopa WSD B,31832
Wheeler Ridge-Maricopa WSD B,31833
Wheeler Ridge-Maricopa WSD B,31834
Wheeler Ridge-Maricopa WSD B,31835
Wheeler Ridge-Maricopa WSD B,31836
Wheeler Ridge-Maricopa WSD B,31889
Wheeler Ridge-Maricopa WSD B,31890
Wheeler Ridge-Maricopa WSD B,31891
Wheeler Ridge-Maricopa WSD B,31892
Wheeler Ridge-Maricopa WSD B,31893
Wheeler Ridge-Maricopa WSD B,31894
Wheeler Ridge-Maricopa WSD B,31895
Wheeler Ridge-Maricopa WSD B,31896
Wheeler Ridge-Maricopa WSD B,31944
Wheeler Ridge-Maricopa WSD B,31945
Wheeler Ridge-Maricopa WSD B,31946
Wheeler Ridge-Maricopa WSD B,31947
Wheeler Ridge-Maricopa WSD B,31948
Wheeler Ridge-Maricopa WSD B,31994
Wheeler Ridge-Maricopa WSD B,31995
Wheeler Ridge-Maricopa WSD B,31996
Wheeler Ridge-Maricopa WSD B,31997
Wheeler Ridge-Maricopa WSD B,31998
Wheeler Ridge-Maricopa WSD B,31999
Wheeler Ridge-Maricopa WSD B,32047
Wheeler Ridge-Maricopa WSD B,32048
Wheeler Ridge-Maricopa WSD B,32049
Wheeler Ridge-Maricopa WSD B,32050
Wheeler Ridge-Maricopa WSD B,32051
Wheeler Ridge-Maricopa WSD B,32101
Wheeler Ridge-Maricopa WSD B,32102
Wheeler Ridge-Maricopa WSD B,32103
Wheeler Ridge-Maricopa WSD B,32104
Wheeler Ridge-Maricopa WSD B,32105
Wheeler Ridge-Maricopa WSD B,32106
Wheeler Ridge-Maricopa WSD B,32107
Wheeler Ridge-Maricopa WSD B,32156
Wheeler Ridge-Maricopa WSD B,32158
Wheeler Ridge-Maricopa WSD B,32159
Wheeler Ridge-Maricopa WSD B,32160
Wheeler Ridge-Maricopa WSD B,32161
Wheeler Ridge-Maricopa WSD B,32205
Wheeler Ridge-Maricopa WSD B,32206
Wheeler Ridge-Maricopa WSD B,32207
Wheeler Ridge-Maricopa WSD B,32208
Wheeler Ridge-Maricopa WSD B,32209
Wheeler Ridge-Maricopa WSD B,32210
Wheeler Ridge-Maricopa WSD B,32255
Wheeler Ridge-Maricopa WSD B,32256
Wheeler Ridge-Maricopa WSD B,32257
Wheeler Ridge-Maricopa WSD B,32258
Wheeler Ridge-Maricopa WSD B,32303
Wheeler Ridge-Maricopa WSD B,32304
Kern Delta WD A,31780
Kern Delta WD A,31841
Kern Delta WD A,31842
Kern Delta WD A,31843
Kern Delta WD A,31900
Kern Delta WD A,31901
Kern Delta WD A,31902
Kern Delta WD A,31903
Kern Delta WD A,31952
Kern Delta WD A,31953
Kern Delta WD A,31954
Kern Delta WD A,31955
Kern Delta WD A,32004
Kern Delta WD A,32005
Kern Delta WD A,32006
Kern Delta WD A,32007
Kern Delta WD A,32056
Kern Delta WD A,32057
Kern Delta WD A,32058
Kern Delta WD A,32059
Kern Delta WD A,32112
Kern Delta WD A,32113
Kern Delta WD A,32114
Kern Delta WD A,32115
Kern Delta WD A,32166
Kern Delta WD A,32167
Kern Delta WD A,32168
Kern Delta WD A,32169
Kern Delta WD A,32170
Kern Delta WD A,32172
Kern Delta WD A,32174
Kern Delta WD A,32175
Kern Delta WD A,32176
Kern Delta WD A,32217
Kern Delta WD A,32218
Kern Delta WD A,32219
Kern Delta WD A,32220
Kern Delta WD A,32221
Kern Delta WD A,32222
Kern Delta WD A,32223
Kern Delta WD A,32224
Kern Delta WD A,32270
Kern Delta WD A,32271
Kern Delta WD A,32272
Kern Delta WD A,32273
Kern Delta WD A,32274
Kern Delta WD A,32275
Kern Delta WD A,32276
Kern Delta WD A,32320
Kern Delta WD A,32322
Kern Delta WD B,31969
Kern Delta WD B,31970
Kern Delta WD B,31974
Kern Delta WD B,32020
Kern Delta WD B,32021
Kern Delta WD B,32023
Kern Delta WD B,32024
Kern Delta WD B,32069
Kern Delta WD B,32070
Kern Delta WD B,32071
Kern Delta WD B,32072
Kern Delta WD B,32073
Kern Delta WD B,32074
Kern Delta WD B,32124
Kern Delta WD B,32125
Kern Delta WD B,32126
Kern Delta WD B,32127
Kern Delta WD B,32128
Kern Delta WD B,32129
Kern Delta WD B,32177
Kern Delta WD B,32178
Kern Delta WD B,32179
Kern Delta WD B,32180
Kern Delta WD B,32225
Kern Delta WD B,32226
Kern Delta WD B,32227
Kern Delta WD B,32228
Kern Delta WD B,32277
Kern Delta WD B,32278
Kern Delta WD B,32323
Kern Delta WD B,32325
Kern Delta WD C,31706
Kern Delta WD C,31782
Kern Delta WD C,31783
Kern Delta WD C,31784
Kern Delta WD C,31785
Kern Delta WD C,31786
Kern Delta WD C,31787
Kern Delta WD C,31793
Kern Delta WD C,31794
Kern Delta WD C,31795
Kern Delta WD C,31845
Kern Delta WD C,31846
Kern Delta WD C,31847
Kern Delta WD C,31848
Kern Delta WD C,31849
Kern Delta WD C,31850
Kern Delta WD C,31851
Kern Delta WD C,31852
Kern Delta WD C,31853
Kern Delta WD C,31854
Kern Delta WD C,31855
Kern Delta WD C,31856
Kern Delta WD C,31857
Kern Delta WD C,31905
Kern Delta WD C,31906
Kern Delta WD C,31907
Kern Delta WD C,31908
Kern Delta WD C,31909
Kern Delta WD C,31910
Kern Delta WD C,31911
Kern Delta WD C,31912
Kern Delta WD C,31913
Kern Delta WD C,31914
Kern Delta WD C,31957
Kern Delta WD C,31958
Kern Delta WD C,31959
Kern Delta WD C,31960
Kern Delta WD C,31961
Kern Delta WD C,31962
Kern Delta WD C,31963
Kern Delta WD C,31964
Kern Delta WD C,31965
Kern Delta WD C,31966
Kern Delta WD C,32008
Kern Delta WD C,32009
Kern Delta WD C,32010
Kern Delta WD C,32011
Kern Delta WD C,32012
Kern Delta WD C,32013
Kern Delta WD C,32014
Kern Delta WD C,32015
Kern Delta WD C,32016
Kern Delta WD C,32017
Kern Delta WD C,32018
Kern Delta WD C,32060
Kern Delta WD C,32061
Kern Delta WD C,32062
Kern Delta WD C,32063
Kern Delta WD C,32064
Kern Delta WD C,32065
Kern Delta WD C,32066
Kern Delta WD C,32067
Kern Delta WD C,32068
Kern Delta WD C,32116
Kern Delta WD C,32117
Kern Delta WD C,32118
Kern Delta WD C,32119
Kern Delta WD C,32120
Kern Delta WD C,32121
Kern Delta WD C,32122
Kern Delta WD C,32123
Kern Delta WD C,32171
Kern Delta WD C,32173
Kern Co WA Improv Dist 4,31867
Kern Co WA Improv Dist 4,31921
Kern Co WA Improv Dist 4,31922
Kern Co WA Improv Dist 4,31923
Kern Co WA Improv Dist 4,31971
Kern Co WA Improv Dist 4,31972
Kern Co WA Improv Dist 4,31973
Kern Co WA Improv Dist 4,32022
Buena Vista WSD B,31316
Buena Vista WSD B,31317
Buena Vista WSD B,31318
Buena Vista WSD B,31403
Buena Vista WSD B,31404
Buena Vista WSD B,31405
Buena Vista WSD B,31406
Buena Vista WSD B,31407
Buena Vista WSD B,31408
Buena Vista WSD B,31409
Buena Vista WSD B,31499
Buena Vista WSD B,31500
Buena Vista WSD B,31501
Buena Vista WSD B,31502
Buena Vista WSD B,31503
Buena Vista WSD B,31504
Buena Vista WSD B,31505
Buena Vista WSD B,31506
Buena Vista WSD B,31602
Buena Vista WSD B,31603
Buena Vista WSD B,31604
Buena Vista WSD B,31605
Buena Vista WSD B,31606
Buena Vista WSD B,31607
Buena Vista WSD B,31608
Buena Vista WSD B,31700
Buena Vista WSD B,31701
Buena Vista WSD B,31702
Buena Vista WSD B,31703
Buena Vista WSD B,31704
Buena Vista WSD B,31705
Buena Vista WSD B,31777
Buena Vista WSD B,31778
Buena Vista WSD B,31779
Buena Vista WSD B,31781
Buena Vista WSD B,31839
Buena Vista WSD B,31840
Buena Vista WSD B,31844
Buena Vista WSD B,31904
Buena Vista WSD B,31956
Groundwater Only A,29988
Groundwater Only A,29989
Groundwater Only A,29990
Groundwater Only A,29993
Groundwater Only A,29994
Groundwater Only A,30094
Groundwater Only A,30095
Groundwater Only A,30096
Groundwater Only A,30097
Groundwater Only A,30098
Groundwater Only A,30099
Groundwater Only A,30100
Groundwater Only A,30101
Groundwater Only A,30102
Groundwater Only A,30103
Groundwater Only A,30187
Groundwater Only A,30188
Groundwater Only A,30189
Groundwater Only A,30190
Groundwater Only A,30191
Groundwater Only A,30192
Groundwater Only A,30193
Groundwater Only A,30194
Groundwater Only A,30195
Groundwater Only A,30283
Groundwater Only A,30284
Groundwater Only A,30285
Groundwater Only A,30286
Groundwater Only A,30287
Groundwater Only A,30288
Groundwater Only A,30289
Groundwater Only A,30290
Groundwater Only A,30291
Groundwater Only A,30292
Groundwater Only A,30381
Groundwater Only A,30382
Groundwater Only A,30383
Groundwater Only A,30384
Groundwater Only A,30385
Groundwater Only A,30386
Groundwater Only A,30387
Groundwater Only A,30388
Groundwater Only A,30389
Groundwater Only A,30390
Groundwater Only A,30479
Groundwater Only A,30480
Groundwater Only A,30481
Groundwater Only A,30482
Groundwater Only A,30483
Groundwater Only A,30484
Groundwater Only A,30485
Groundwater Only A,30486
Groundwater Only A,30487
Groundwater Only A,30488
Groundwater Only A,30489
Groundwater Only A,30490
Groundwater Only A,30578
Groundwater Only A,30579
Groundwater Only A,30580
Groundwater Only A,30581
Groundwater Only A,30582
Groundwater Only A,30583
Groundwater Only A,30584
Groundwater Only A,30585
Groundwater Only A,30586
Groundwater Only A,30587
Groundwater Only A,30588
Groundwater Only A,30672
Groundwater Only A,30673
Groundwater Only A,30674
Groundwater Only A,30675
Groundwater Only A,30676
Groundwater Only A,30677
Groundwater Only A,30678
Groundwater Only A,30679
Groundwater Only A,30680
Groundwater Only A,30681
Groundwater Only A,30682
Groundwater Only A,30683
Groundwater Only A,30684
Groundwater Only A,30685
Groundwater Only A,30686
Groundwater Only A,30687
Groundwater Only A,30689
Groundwater Only A,30767
Groundwater Only A,30768
Groundwater Only A,30769
Groundwater Only A,30770
Groundwater Only A,30771
Groundwater Only A,30772
Groundwater Only A,30773
Groundwater Only A,30774
Groundwater Only A,30775
Groundwater Only A,30776
Groundwater Only A,30777
Groundwater Only A,30778
Groundwater Only A,30779
Groundwater Only A,30780
Groundwater Only A,30781
Groundwater Only A,30782
Groundwater Only A,30859
Groundwater Only A,30860
Groundwater Only A,30861
Groundwater Only A,30862
Groundwater Only A,30863
Groundwater Only A,30864
Groundwater Only A,30865
Groundwater Only A,30866
Groundwater Only A,30867
Groundwater Only A,30868
Groundwater Only A,30869
Groundwater Only A,30870
Groundwater Only A,30871
Groundwater Only A,30872
Groundwater Only A,30873
Groundwater Only A,30948
Groundwater Only A,30949
Groundwater Only A,30950
Groundwater Only A,30951
Groundwater Only A,30952
Groundwater Only A,30953
Groundwater Only A,30954
Groundwater Only A,30955
Groundwater Only A,30956
Groundwater Only A,30957
Groundwater Only A,30958
Groundwater Only A,30959
Groundwater Only A,30960
Groundwater Only A,30961
Groundwater Only A,30962
Groundwater Only A,30963
Groundwater Only A,30966
Groundwater Only A,31047
Groundwater Only A,31048
Groundwater Only A,31049
Groundwater Only A,31051
Groundwater Only A,31052
Groundwater Only A,31053
Groundwater Only A,31054
Groundwater Only A,31055
Groundwater Only A,31056
Groundwater Only A,31057
Groundwater Only A,31058
Groundwater Only A,31059
Groundwater Only A,31140
Groundwater Only A,31146
Groundwater Only A,31147
Groundwater Only A,31148
Groundwater Only A,31149
Groundwater Only A,31150
Groundwater Only B,30791
Groundwater Only B,30792
Groundwater Only B,30793
Groundwater Only B,30794
Groundwater Only B,30880
Groundwater Only B,30881
Groundwater Only B,30882
Groundwater Only B,30883
Groundwater Only B,30884
Groundwater Only B,30885
Groundwater Only B,30886
Groundwater Only B,30967
Groundwater Only B,30968
Groundwater Only B,30972
Groundwater Only B,30973
Groundwater Only B,30974
Groundwater Only B,30975
Groundwater Only B,30978
Groundwater Only B,30979
Groundwater Only B,30980
Groundwater Only B,30981
Groundwater Only B,30982
Groundwater Only B,31060
Groundwater Only B,31061
Groundwater Only B,31062
Groundwater Only B,31065
Groundwater Only B,31066
Groundwater Only B,31067
Groundwater Only B,31068
Groundwater Only B,31069
Groundwater Only B,31075
Groundwater Only B,31076
Groundwater Only B,31077
Groundwater Only B,31078
Groundwater Only B,31079
Groundwater Only B,31151
Groundwater Only B,31163
Groundwater Only B,31164
Groundwater Only B,31165
Groundwater Only B,31166
Groundwater Only B,31167
Groundwater Only B,31251
Groundwater Only B,31252
Groundwater Only B,31253
Groundwater Only B,31254
Groundwater Only B,31255
Groundwater Only B,31256
Groundwater Only B,31257
Groundwater Only B,31342
Groundwater Only B,31343
Groundwater Only B,31346
Groundwater Only B,31347
Groundwater Only B,31348
Groundwater Only B,31349
Groundwater Only B,31350
Groundwater Only B,31351
Groundwater Only B,31434
Groundwater Only B,31435
Groundwater Only B,31436
Groundwater Only B,31437
Groundwater Only B,31438
Groundwater Only B,31439
Groundwater Only B,31529
Groundwater Only B,31532
Groundwater Only B,31533
Groundwater Only B,31534
North Kern WSD B,31245
North Kern WSD B,31248
North Kern WSD B,31249
North Kern WSD B,31250
North Kern WSD B,31329
North Kern WSD B,31330
North Kern WSD B,31331
North Kern WSD B,31332
North Kern WSD B,31333
North Kern WSD B,31334
North Kern WSD B,31335
North Kern WSD B,31336
North Kern WSD B,31337
North Kern WSD B,31338
North Kern WSD B,31339
North Kern WSD B,31340
North Kern WSD B,31341
North Kern WSD B,31344
North Kern WSD B,31345
North Kern WSD B,31418
North Kern WSD B,31419
North Kern WSD B,31420
North Kern WSD B,31421
North Kern WSD B,31429
North Kern WSD B,31431
North Kern WSD B,31432
North Kern WSD B,31433
North Kern WSD B,31440
North Kern WSD B,31523
North Kern WSD B,31524
North Kern WSD B,31525
North Kern WSD B,31526
North Kern WSD B,31527
North Kern WSD B,31528
North Kern WSD B,31530
North Kern WSD B,31531
North Kern WSD B,31535
North Kern WSD B,31536
North Kern WSD B,31537
North Kern WSD B,31538
North Kern WSD B,31539
North Kern WSD B,31623
North Kern WSD B,31624
North Kern WSD B,31625
North Kern WSD B,31626
North Kern WSD B,31627
North Kern WSD B,31628
North Kern WSD B,31629
North Kern WSD B,31630
North Kern WSD B,31631
North Kern WSD B,31632
North Kern WSD B,31636
North Kern WSD B,31715
Groundwater Only C,31072
Groundwater Only C,31156
Groundwater Only C,31157
Groundwater Only C,31158
Groundwater Only C,31159
Groundwater Only C,31227
Groundwater Only C,31229
Groundwater Only C,31230
Groundwater Only C,31231
Groundwater Only C,31238
Groundwater Only C,31239
Groundwater Only C,31240
Groundwater Only C,31241
Groundwater Only C,31242
Groundwater Only C,31243
Groundwater Only C,31244
Groundwater Only C,31319
Groundwater Only C,31320
Groundwater Only C,31321
Groundwater Only C,31322
Groundwater Only C,31323
Groundwater Only C,31324
Groundwater Only C,31325
Groundwater Only C,31326
Groundwater Only C,31327
Groundwater Only C,31328
Groundwater Only C,31410
Groundwater Only C,31411
Groundwater Only C,31412
Groundwater Only C,31413
Groundwater Only C,31414
Groundwater Only C,31415
Groundwater Only C,31416
Groundwater Only C,31417
Groundwater Only C,31422
Groundwater Only C,31423
Groundwater Only C,31424
Groundwater Only C,31425
Groundwater Only C,31426
Groundwater Only C,31427
Groundwater Only C,31428
Groundwater Only C,31430
Groundwater Only C,31497
Groundwater Only C,31498
Groundwater Only C,31507
Groundwater Only C,31508
Groundwater Only C,31509
Groundwater Only C,31510
Groundwater Only C,31511
Groundwater Only C,31512
Groundwater Only C,31513
Groundwater Only C,31514
Groundwater Only C,31515
Groundwater Only C,31516
Groundwater Only C,31517
Groundwater Only C,31518
Groundwater Only C,31519
Groundwater Only C,31520
Groundwater Only C,31521
Groundwater Only C,31522
Groundwater Only C,31609
Groundwater Only C,31610
Groundwater Only C,31611
Groundwater Only C,31612
Groundwater Only C,31613
Groundwater Only C,31614
Groundwater Only C,31615
Groundwater Only C,31616
Groundwater Only C,31617
Groundwater Only C,31618
Groundwater Only C,31619
Groundwater Only C,31620
Groundwater Only C,31621
Groundwater Only C,31622
Groundwater Only C,31633
Groundwater Only C,31634
Groundwater Only C,31635
Groundwater Only C,31637
Groundwater Only C,31707
Groundwater Only C,31708
Groundwater Only C,31709
Groundwater Only C,31710
Groundwater Only C,31711
Groundwater Only C,31712
Groundwater Only C,31713
Groundwater Only C,31714
Groundwater Only C,31716
Groundwater Only C,31717
Groundwater Only C,31718
Groundwater Only C,31719
Groundwater Only C,31720
Groundwater Only C,31788
Groundwater Only C,31789
Groundwater Only C,31790
Groundwater Only C,31791
Groundwater Only C,31792
Buena Vista WSD A,28907
Buena Vista WSD A,28908
Buena Vista WSD A,29035
Buena Vista WSD A,29036
Buena Vista WSD A,29160
Buena Vista WSD A,29161
Buena Vista WSD A,29162
Buena Vista WSD A,29163
Buena Vista WSD A,29164
Buena Vista WSD A,29165
Buena Vista WSD A,29166
Buena Vista WSD A,29167
Buena Vista WSD A,29168
Buena Vista WSD A,29169
Buena Vista WSD A,29170
Buena Vista WSD A,29286
Buena Vista WSD A,29287
Buena Vista WSD A,29288
Buena Vista WSD A,29289
Buena Vista WSD A,29290
Buena Vista WSD A,29291
Buena Vista WSD A,29292
Buena Vista WSD A,29293
Buena Vista WSD A,29294
Buena Vista WSD A,29295
Buena Vista WSD A,29296
Buena Vista WSD A,29411
Buena Vista WSD A,29412
Buena Vista WSD A,29413
Buena Vista WSD A,29414
Buena Vista WSD A,29416
Buena Vista WSD A,29417
Buena Vista WSD A,29418
Buena Vista WSD A,29419
Buena Vista WSD A,29529
Buena Vista WSD A,29530
Buena Vista WSD A,29531
Buena Vista WSD A,29532
Buena Vista WSD A,29533
Buena Vista WSD A,29534
Buena Vista WSD A,29535
Buena Vista WSD A,29654
Buena Vista WSD A,29655
Buena Vista WSD A,29656
Buena Vista WSD A,29657
Buena Vista WSD A,29658
Buena Vista WSD A,29659
Buena Vista WSD A,29660
Buena Vista WSD A,29781
Buena Vista WSD A,29782
Buena Vista WSD A,29783
Buena Vista WSD A,29784
Buena Vista WSD A,29785
Buena Vista WSD A,29786
Buena Vista WSD A,29787
Buena Vista WSD A,29892
Buena Vista WSD A,29893
Buena Vista WSD A,29894
Buena Vista WSD A,29895
Buena Vista WSD A,29896
Buena Vista WSD A,29897
Buena Vista WSD A,29898
Buena Vista WSD A,29899
Buena Vista WSD A,29999
Buena Vista WSD A,30000
Buena Vista WSD A,30001
Buena Vista WSD A,30002
Buena Vista WSD A,30003
Buena Vista WSD A,30004
Buena Vista WSD A,30104
Buena Vista WSD A,30105
Buena Vista WSD A,30106
Buena Vista WSD A,30107
Buena Vista WSD A,30108
Buena Vista WSD A,30109
Buena Vista WSD A,30110
Buena Vista WSD A,30111
Buena Vista WSD A,30112
Buena Vista WSD A,30196
Buena Vista WSD A,30197
Buena Vista WSD A,30198
Buena Vista WSD A,30199
Buena Vista WSD A,30200
Buena Vista WSD A,30201
Buena Vista WSD A,30202
Buena Vista WSD A,30203
Buena Vista WSD A,30204
Buena Vista WSD A,30205
Buena Vista WSD A,30293
Buena Vista WSD A,30294
Buena Vista WSD A,30295
Buena Vista WSD A,30296
Buena Vista WSD A,30297
Buena Vista WSD A,30298
Buena Vista WSD A,30299
Buena Vista WSD A,30391
Buena Vista WSD A,30392
Buena Vista WSD A,30393
Buena Vista WSD A,30394
Buena Vista WSD A,30395
Buena Vista WSD A,30396
Buena Vista WSD A,30491
Buena Vista WSD A,30492
Buena Vista WSD A,30493
Buena Vista WSD A,30494
Buena Vista WSD A,30495
Buena Vista WSD A,30496
Buena Vista WSD A,30497
Buena Vista WSD A,30589
Buena Vista WSD A,30590
Buena Vista WSD A,30591
Buena Vista WSD A,30592
Buena Vista WSD A,30593
Buena Vista WSD A,30594
Buena Vista WSD A,30595
Buena Vista WSD A,30596
Buena Vista WSD A,30597
Buena Vista WSD A,30598
Buena Vista WSD A,30688
Buena Vista WSD A,30690
Buena Vista WSD A,30691
Buena Vista WSD A,30692
Buena Vista WSD A,30693
Buena Vista WSD A,30694
Buena Vista WSD A,30695
Buena Vista WSD A,30696
Buena Vista WSD A,30783
Buena Vista WSD A,30784
Buena Vista WSD A,30785
Buena Vista WSD A,30786
Buena Vista WSD A,30787
Buena Vista WSD A,30788
Buena Vista WSD A,30789
Buena Vista WSD A,30790
Buena Vista WSD A,30874
Buena Vista WSD A,30875
Buena Vista WSD A,30876
Buena Vista WSD A,30877
Buena Vista WSD A,30878
Buena Vista WSD A,30879
Buena Vista WSD A,30964
Buena Vista WSD A,30965
Buena Vista WSD A,30969
Buena Vista WSD A,30970
Buena Vista WSD A,30971
Buena Vista WSD A,31063
Buena Vista WSD A,31064
Wheeler Ridge-Maricopa WSD C,31599
Wheeler Ridge-Maricopa WSD C,31600
Wheeler Ridge-Maricopa WSD C,31601
Wheeler Ridge-Maricopa WSD C,31694
Wheeler Ridge-Maricopa WSD C,31695
Wheeler Ridge-Maricopa WSD C,31696
Wheeler Ridge-Maricopa WSD C,31697
Wheeler Ridge-Maricopa WSD C,31698
Wheeler Ridge-Maricopa WSD C,31699
Wheeler Ridge-Maricopa WSD C,31768
Wheeler Ridge-Maricopa WSD C,31775
Wheeler Ridge-Maricopa WSD C,31776
Wheeler Ridge-Maricopa WSD C,31837
Wheeler Ridge-Maricopa WSD C,31838
Wheeler Ridge-Maricopa WSD C,31897
Wheeler Ridge-Maricopa WSD C,31898
Wheeler Ridge-Maricopa WSD C,31899
Wheeler Ridge-Maricopa WSD C,31949
Wheeler Ridge-Maricopa WSD C,31950
Wheeler Ridge-Maricopa WSD C,31951
Wheeler Ridge-Maricopa WSD C,32000
Wheeler Ridge-Maricopa WSD C,32001
Wheeler Ridge-Maricopa WSD C,32002
Wheeler Ridge-Maricopa WSD C,32003
Wheeler Ridge-Maricopa WSD C,32052
Wheeler Ridge-Maricopa WSD C,32053
Wheeler Ridge-Maricopa WSD C,32054
Wheeler Ridge-Maricopa WSD C,32055
Wheeler Ridge-Maricopa WSD C,32108
Wheeler Ridge-Maricopa WSD C,32109
Wheeler Ridge-Maricopa WSD C,32110
Wheeler Ridge-Maricopa WSD C,32111
Wheeler Ridge-Maricopa WSD C,32162
Wheeler Ridge-Maricopa WSD C,32163
Wheeler Ridge-Maricopa WSD C,32164
Wheeler Ridge-Maricopa WSD C,32165
Wheeler Ridge-Maricopa WSD C,32213
Wheeler Ridge-Maricopa WSD C,32214
Wheeler Ridge-Maricopa WSD C,32215
Wheeler Ridge-Maricopa WSD C,32216
Wheeler Ridge-Maricopa WSD C,32268
West Kern WD,29985
West Kern WD,29986
West Kern WD,30092
West Kern WD,30093
West Kern WD,30185
West Kern WD,30186
West Kern WD,30281
West Kern WD,30282
West Kern WD,30376
West Kern WD,30377
West Kern WD,30378
West Kern WD,30379
West Kern WD,30380
West Kern WD,30472
West Kern WD,30473
West Kern WD,30474
West Kern WD,30475
West Kern WD,30476
West Kern WD,30477
West Kern WD,30478
West Kern WD,30570
West Kern WD,30571
West Kern WD,30572
West Kern WD,30573
West Kern WD,30574
West Kern WD,30575
West Kern WD,30576
West Kern WD,30577
West Kern WD,30666
West Kern WD,30667
West Kern WD,30668
West Kern WD,30669
West Kern WD,30670
West Kern WD,30671
West Kern WD,30762
West Kern WD,30763
West Kern WD,30764
West Kern WD,30765
West Kern WD,30766
West Kern WD,30854
West Kern WD,30855
West Kern WD,30856
West Kern WD,30857
West Kern WD,30858
West Kern WD,30942
West Kern WD,30943
West Kern WD,30944
West Kern WD,30945
West Kern WD,30946
West Kern WD,30947
West Kern WD,30976
West Kern WD,30977
West Kern WD,31038
West Kern WD,31039
West Kern WD,31040
West Kern WD,31041
West Kern WD,31042
West Kern WD,31043
West Kern WD,31044
West Kern WD,31045
West Kern WD,31046
West Kern WD,31050
West Kern WD,31070
West Kern WD,31071
West Kern WD,31073
West Kern WD,31074
West Kern WD,31130
West Kern WD,31131
West Kern WD,31132
West Kern WD,31133
West Kern WD,31134
West Kern WD,31135
West Kern WD,31136
West Kern WD,31137
West Kern WD,31138
West Kern WD,31139
West Kern WD,31141
West Kern WD,31142
West Kern WD,31143
West Kern WD,31144
West Kern WD,31145
West Kern WD,31152
West Kern WD,31153
West Kern WD,31154
West Kern WD,31155
West Kern WD,31160
West Kern WD,31161
West Kern WD,31162
West Kern WD,31217
West Kern WD,31218
West Kern WD,31219
West Kern WD,31220
West Kern WD,31221
West Kern WD,31222
West Kern WD,31223
West Kern WD,31224
West Kern WD,31225
West Kern WD,31226
West Kern WD,31228
West Kern WD,31232
West Kern WD,31233
West Kern WD,31234
West Kern WD,31235
West Kern WD,31236
West Kern WD,31237
West Kern WD,31246
West Kern WD,31247
West Kern WD,31305
West Kern WD,31306
West Kern WD,31307
West Kern WD,31308
West Kern WD,31309
West Kern WD,31310
West Kern WD,31311
West Kern WD,31312
West Kern WD,31313
West Kern WD,31314
West Kern WD,31315
West Kern WD,31394
West Kern WD,31395
West Kern WD,31396
West Kern WD,31397
West Kern WD,31398
West Kern WD,31399
West Kern WD,31400
West Kern WD,31401
West Kern WD,31402
West Kern WD,31490
West Kern WD,31491
West Kern WD,31492
West Kern WD,31493
West Kern WD,31494
West Kern WD,31495
West Kern WD,31496
West Kern WD,31592
West Kern WD,31593
West Kern WD,31594
West Kern WD,31595
West Kern WD,31596
West Kern WD,31597
West Kern WD,31598
West Kern WD,31688
West Kern WD,31689
West Kern WD,31690
West Kern WD,31691
West Kern WD,31692
West Kern WD,31693
West Kern WD,31763
West Kern WD,31764
West Kern WD,31765
West Kern WD,31766
West Kern WD,31767
West Kern WD,31826
West Kern WD,31827
West Kern WD,31828
West Kern WD,31829
West Kern WD,31830
West Kern WD,31831
West Kern WD,31885
West Kern WD,31886
West Kern WD,31887
Groundwater Only D,30406
Groundwater Only D,30506
Groundwater Only D,30507
Groundwater Only D,30606
Groundwater Only D,30607
Groundwater Only D,30608
Groundwater Only D,30704
Groundwater Only D,30705
Groundwater Only D,30706
Groundwater Only D,30707
Groundwater Only D,30803
Groundwater Only D,30804
Groundwater Only D,30890
Groundwater Only D,30897
Groundwater Only D,30898
Groundwater Only D,30992
Groundwater Only E,30453
Groundwater Only E,30454
Groundwater Only E,30455
Groundwater Only E,30459
Groundwater Only E,30552
Groundwater Only E,30553
Groundwater Only E,30555
Groundwater Only E,30556
Groundwater Only E,30557
Groundwater Only E,30558
Groundwater Only E,30635
Groundwater Only E,30636
Groundwater Only E,30637
Groundwater Only E,30649
Groundwater Only E,30650
Groundwater Only E,30651
Groundwater Only E,30652
Groundwater Only E,30653
Groundwater Only E,30654
Groundwater Only E,30655
Groundwater Only E,30656
Groundwater Only E,30732
Groundwater Only E,30733
Groundwater Only E,30734
Groundwater Only E,30735
Groundwater Only E,30736
Groundwater Only E,30737
Groundwater Only E,30738
Groundwater Only E,30739
Groundwater Only E,30740
Groundwater Only E,30741
Groundwater Only E,30743
Groundwater Only E,30744
Groundwater Only E,30746
Groundwater Only E,30747
Groundwater Only E,30748
Groundwater Only E,30749
Groundwater Only E,30750
Groundwater Only E,30751
Groundwater Only E,30752
Groundwater Only E,30753
Groundwater Only E,30754
Groundwater Only E,30755
Groundwater Only E,30756
Groundwater Only E,30757
Groundwater Only E,30828
Groundwater Only E,30829
Groundwater Only E,30830
Groundwater Only E,30831
Groundwater Only E,30832
Groundwater Only E,30833
Groundwater Only E,30834
Groundwater Only E,30835
Groundwater Only E,30836
Groundwater Only E,30837
Groundwater Only E,30838
Groundwater Only E,30839
Groundwater Only E,30840
Groundwater Only E,30841
Groundwater Only E,30842
Groundwater Only E,30843
Groundwater Only E,30844
Groundwater Only E,30845
Groundwater Only E,30846
Groundwater Only E,30847
Groundwater Only E,30848
Groundwater Only E,30849
Groundwater Only E,30850
Groundwater Only E,30851
Groundwater Only E,30852
Groundwater Only E,30853
Groundwater Only E,30911
Groundwater Only E,30912
Groundwater Only E,30913
Groundwater Only E,30914
Groundwater Only E,30915
Groundwater Only E,30916
Groundwater Only E,30917
Groundwater Only E,30918
Groundwater Only E,30919
Groundwater Only E,30920
Groundwater Only E,30921
Groundwater Only E,30922
Groundwater Only E,30923
Groundwater Only E,30924
Groundwater Only E,30925
Groundwater Only E,30926
Groundwater Only E,30927
Groundwater Only E,30928
Groundwater Only E,30929
Groundwater Only E,30930
Groundwater Only E,30931
Groundwater Only E,30932
Groundwater Only E,30933
Groundwater Only E,30934
Groundwater Only E,30935
Groundwater Only E,30936
Groundwater Only E,30937
Groundwater Only E,30938
Groundwater Only E,30939
Groundwater Only E,30940
Groundwater Only E,30941
Groundwater Only E,31007
Groundwater Only E,31008
Groundwater Only E,31009
Groundwater Only E,31010
Groundwater Only E,31011
Groundwater Only E,31012
Groundwater Only E,31013
Groundwater Only E,31014
Groundwater Only E,31015
Groundwater Only E,31016
Groundwater Only E,31017
Groundwater Only E,31018
Groundwater Only E,31019
Groundwater Only E,31020
Groundwater Only E,31021
Groundwater Only E,31022
Groundwater Only E,31023
Groundwater Only E,31024
Groundwater Only E,31025
Groundwater Only E,31026
Groundwater Only E,31027
Groundwater Only E,31028
Groundwater Only E,31029
Groundwater Only E,31030
Groundwater Only E,31031
Groundwater Only E,31032
Groundwater Only E,31033
Groundwater Only E,31034
Groundwater Only E,31035
Groundwater Only E,31036
Groundwater Only E,31037
Groundwater Only E,31102
Groundwater Only E,31103
Groundwater Only E,31104
Groundwater Only E,31105
Groundwater Only E,31106
Groundwater Only E,31107
Groundwater Only E,31108
Groundwater Only E,31109
Groundwater Only E,31110
Groundwater Only E,31111
Groundwater Only E,31112
Groundwater Only E,31113
Groundwater Only E,31114
Groundwater Only E,31115
Groundwater Only E,31116
Groundwater Only E,31117
Groundwater Only E,31118
Groundwater Only E,31119
Groundwater Only E,31120
Groundwater Only E,31121
Groundwater Only E,31122
Groundwater Only E,31123
Groundwater Only E,31124
Groundwater Only E,31125
Groundwater Only E,31126
Groundwater Only E,31127
Groundwater Only E,31128
Groundwater Only E,31129
Groundwater Only E,31190
Groundwater Only E,31191
Groundwater Only E,31192
Groundwater Only E,31193
Groundwater Only E,31194
Groundwater Only E,31195
Groundwater Only E,31196
Groundwater Only E,31197
Groundwater Only E,31198
Groundwater Only E,31199
Groundwater Only E,31200
Groundwater Only E,31201
Groundwater Only E,31202
Groundwater Only E,31203
Groundwater Only E,31204
Groundwater Only E,31205
Groundwater Only E,31206
Groundwater Only E,31207
Groundwater Only E,31208
Groundwater Only E,31209
Groundwater Only E,31210
Groundwater Only E,31211
Groundwater Only E,31212
Groundwater Only E,31213
Groundwater Only E,31214
Groundwater Only E,31215
Groundwater Only E,31216
Groundwater Only E,31282
Groundwater Only E,31283
Groundwater Only E,31284
Groundwater Only E,31285
Groundwater Only E,31286
Groundwater Only E,31287
Groundwater Only E,31288
Groundwater Only E,31289
Groundwater Only E,31290
Groundwater Only E,31291
Groundwater Only E,31292
Groundwater Only E,31293
Groundwater Only E,31294
Groundwater Only E,31295
Groundwater Only E,31296
Groundwater Only E,31297
Groundwater Only E,31298
Groundwater Only E,31299
Groundwater Only E,31300
Groundwater Only E,31301
Groundwater Only E,31302
Groundwater Only E,31303
Groundwater Only E,31304
Groundwater Only E,31378
Groundwater Only E,31379
Groundwater Only E,31380
Groundwater Only E,31381
Groundwater Only E,31382
Groundwater Only E,31383
Groundwater Only E,31384
Groundwater Only E,31385
Groundwater Only E,31386
Groundwater Only E,31387
Groundwater Only E,31388
Groundwater Only E,31389
Groundwater Only E,31390
Groundwater Only E,31391
Groundwater Only E,31392
Groundwater Only E,31393
Groundwater Only E,31475
Groundwater Only E,31476
Groundwater Only E,31477
Groundwater Only E,31478
Groundwater Only E,31479
Groundwater Only E,31480
Groundwater Only E,31481
Groundwater Only E,31482
Groundwater Only E,31483
Groundwater Only E,31484
Groundwater Only E,31485
Groundwater Only E,31486
Groundwater Only E,31487
Groundwater Only E,31488
Groundwater Only E,31489
Groundwater Only E,31577
Groundwater Only E,31578
Groundwater Only E,31579
Groundwater Only E,31580
Groundwater Only E,31581
Groundwater Only E,31582
Groundwater Only E,31583
Groundwater Only E,31584
Groundwater Only E,31585
Groundwater Only E,31586
Groundwater Only E,31587
Groundwater Only E,31588
Groundwater Only E,31589
Groundwater Only E,31590
Groundwater Only E,31591
Groundwater Only E,31673
Groundwater Only E,31674
Groundwater Only E,31675
Groundwater Only E,31676
Groundwater Only E,31677
Groundwater Only E,31678
Groundwater Only E,31679
Groundwater Only E,31680
Groundwater Only E,31681
Groundwater Only E,31682
Groundwater Only E,31683
Groundwater Only E,31684
Groundwater Only E,31685
Groundwater Only E,31686
Groundwater Only E,31749
Groundwater Only E,31750
Groundwater Only E,31751
Groundwater Only E,31752
Groundwater Only E,31753
Groundwater Only E,31754
Groundwater Only E,31755
Groundwater Only E,31756
Groundwater Only E,31757
Groundwater Only E,31758
Groundwater Only E,31759
Groundwater Only E,31760
Groundwater Only E,31761
Groundwater Only E,31820
Groundwater Only E,31825
Groundwater Only F,31824
Groundwater Only F,31875
Groundwater Only F,31877
Groundwater Only F,31881
Groundwater Only F,31882
Groundwater Only F,31883
Groundwater Only F,31884
Groundwater Only F,31930
Groundwater Only F,31931
Groundwater Only F,31932
Groundwater Only F,31933
Groundwater Only F,31934
Groundwater Only F,31935
Groundwater Only F,31936
Groundwater Only F,31937
Groundwater Only F,31979
Groundwater Only F,31981
Groundwater Only F,31982
Groundwater Only F,31983
Groundwater Only F,31984
Groundwater Only F,31985
Groundwater Only F,32030
Groundwater Only F,32031
Groundwater Only F,32085
Groundwater Only F,32086
Groundwater Only F,32144
Groundwater Only F,32145
Groundwater Only F,32194
Groundwater Only F,32195
Groundwater Only F,32196
Groundwater Only F,32197
Groundwater Only F,32243
Groundwater Only F,32244
Groundwater Only F,32245
Groundwater Only F,32246
Groundwater Only F,32247
Groundwater Only F,32293
Groundwater Only F,32294
Groundwater Only F,32295
Groundwater Only F,32337
Groundwater Only F,32338
Groundwater Only F,32339
Groundwater Only F,32340
Groundwater Only F,32378
Groundwater Only F,32379
Groundwater Only F,32380
Groundwater Only F,32381
Groundwater Only F,32382
Groundwater Only F,32418
Groundwater Only F,32419
Groundwater Only F,32420
Groundwater Only F,32421
Groundwater Only F,32448
Groundwater Only F,32449
Groundwater Only F,32450
Groundwater Only F,32473
Groundwater Only F,32474
Groundwater Only F,32494
Groundwater Only F,32495
